{
  "schema": 1,
  "pairs": 8,
  "backends": {
    "cuda": {
      "standard_ab": {
        "unadjusted/unw": {
          "pair_ratios_candidate_over_baseline": [
            1.007623053859944,
            1.1905525250362743,
            0.823459185596214,
            1.1171892460107702,
            1.0079524312440482,
            0.8901974267206584,
            1.0390967537284599,
            0.8233000755191531
          ],
          "median_ratio": 1.007787742551996,
          "bootstrap_95pct_ci": [
            0.823459185596214,
            1.1171892460107702
          ],
          "one_sided_sign_p_median_below_1p30": 0.00390625,
          "one_sided_sign_p_median_above_1p30": 1.0,
          "decision": "rules_out_regression_ge_30pct",
          "baseline_pair_medians_seconds": [
            0.1280849650502205,
            0.1462181992828846,
            0.16956954076886177,
            0.12073181197047234,
            0.12757256254553795,
            0.15128103643655777,
            0.16169092804193497,
            0.16107917577028275
          ],
          "candidate_pair_medians_seconds": [
            0.12906136363744736,
            0.17408044636249542,
            0.13963359594345093,
            0.13488028198480606,
            0.12858707457780838,
            0.13466998934745789,
            0.16801251843571663,
            0.13261649757623672
          ]
        },
        "unadjusted/w": {
          "pair_ratios_candidate_over_baseline": [
            0.80312165132141,
            1.1286723316816965,
            1.0330553868627534,
            1.215959259566482,
            1.0540419922273685,
            0.9207021602400273,
            1.0463450931156013,
            1.0517248938510682
          ],
          "median_ratio": 1.0490349934833347,
          "bootstrap_95pct_ci": [
            0.9207021602400273,
            1.1286723316816965
          ],
          "one_sided_sign_p_median_below_1p30": 0.00390625,
          "one_sided_sign_p_median_above_1p30": 1.0,
          "decision": "rules_out_regression_ge_30pct",
          "baseline_pair_medians_seconds": [
            0.1888897344470024,
            0.16403377428650856,
            0.1569998487830162,
            0.13464010506868362,
            0.14143642038106918,
            0.16207023337483406,
            0.18730869889259338,
            0.13815824687480927
          ],
          "candidate_pair_medians_seconds": [
            0.1517014354467392,
            0.18514038249850273,
            0.1621895395219326,
            0.1637168824672699,
            0.14907992631196976,
            0.14921841397881508,
            0.19598953798413277,
            0.14530446752905846
          ]
        },
        "cluster/unw": {
          "pair_ratios_candidate_over_baseline": [
            0.9799517721958492,
            0.9424519908785003,
            0.8085362464760771,
            1.1488367570657512,
            0.9395916130354351,
            0.8783496612461058,
            0.9778408226239136,
            0.811420497525303
          ],
          "median_ratio": 0.9410218019569677,
          "bootstrap_95pct_ci": [
            0.811420497525303,
            0.9799517721958492
          ],
          "one_sided_sign_p_median_below_1p30": 0.00390625,
          "one_sided_sign_p_median_above_1p30": 1.0,
          "decision": "rules_out_regression_ge_30pct",
          "baseline_pair_medians_seconds": [
            0.1617543250322342,
            0.18201258778572083,
            0.20560241863131523,
            0.1458992026746273,
            0.15853768959641457,
            0.18831662088632584,
            0.18839186429977417,
            0.21205894649028778
          ],
          "candidate_pair_medians_seconds": [
            0.1585114374756813,
            0.1715381257236004,
            0.1662370078265667,
            0.16761436685919762,
            0.1489606834948063,
            0.16540784016251564,
            0.18421725556254387,
            0.1720689758658409
          ]
        },
        "cluster/w": {
          "pair_ratios_candidate_over_baseline": [
            0.9469384389105848,
            1.0611595042849733,
            0.9092196203140924,
            0.9821626941666126,
            1.03103152369418,
            0.936323594598806,
            1.1899218598507326,
            0.8976606670453565
          ],
          "median_ratio": 0.9645505665385987,
          "bootstrap_95pct_ci": [
            0.9092196203140924,
            1.0611595042849733
          ],
          "one_sided_sign_p_median_below_1p30": 0.00390625,
          "one_sided_sign_p_median_above_1p30": 1.0,
          "decision": "rules_out_regression_ge_30pct",
          "baseline_pair_medians_seconds": [
            0.1836288720369339,
            0.18824222311377525,
            0.20235111191868782,
            0.17505159974098206,
            0.16219079121947289,
            0.18729322403669357,
            0.20440906286239624,
            0.22874374315142632
          ],
          "candidate_pair_medians_seconds": [
            0.17388523742556572,
            0.19975502416491508,
            0.18398160114884377,
            0.17192915081977844,
            0.16722381860017776,
            0.1753670647740364,
            0.24323081225156784,
            0.20533426105976105
          ]
        }
      },
      "absorbed_cost": {
        "unadjusted/unw": {
          "pair_ratios_absorbed_over_candidate_standard": [
            1.204723841022939,
            0.6846405185399057,
            0.9869551499724886,
            0.9557156489208474,
            1.0397030998631702,
            1.0300707326653795,
            0.7983835750707692,
            1.2725618465927526
          ],
          "median_ratio": 1.008512941318934,
          "bootstrap_95pct_ci": [
            0.7983835750707692,
            1.204723841022939
          ],
          "one_sided_sign_p_median_below_1p30": 0.00390625,
          "absorbed_pair_medians_seconds": [
            0.15548330172896385,
            0.1191825270652771,
            0.13781209662556648,
            0.1289071962237358,
            0.13369238004088402,
            0.1387196145951748,
            0.13413843512535095,
            0.1687626950442791
          ]
        },
        "unadjusted/w": {
          "pair_ratios_absorbed_over_candidate_standard": [
            1.0969391418564354,
            0.7269230423296856,
            0.9306594467017489,
            0.881225303439911,
            1.040659959441594,
            1.1123544716553748,
            0.7826889101938717,
            1.1210051175403195
          ],
          "median_ratio": 0.9856597030716714,
          "bootstrap_95pct_ci": [
            0.7826889101938717,
            1.1123544716553748
          ],
          "one_sided_sign_p_median_below_1p30": 0.00390625,
          "absorbed_pair_medians_seconds": [
            0.1664072424173355,
            0.13458281010389328,
            0.15094322711229324,
            0.14427145943045616,
            0.15514151006937027,
            0.16598377004265785,
            0.15339883789420128,
            0.16288705170154572
          ]
        },
        "cluster/unw": {
          "pair_ratios_absorbed_over_candidate_standard": [
            1.3433400258377832,
            0.9669050358748246,
            1.1597222314038975,
            1.034268110654486,
            1.2457234321260149,
            1.2833991297873089,
            1.029785921230271,
            1.3164071100793788
          ],
          "median_ratio": 1.202722831764956,
          "bootstrap_95pct_ci": [
            1.029785921230271,
            1.3164071100793788
          ],
          "one_sided_sign_p_median_below_1p30": 0.14453125,