{
  "extension": "/tmp/xhdfe_postaudit_corecheck/py_hdfe_v11.cpython-312-x86_64-linux-gnu.so",
  "reps": 100,
  "workers_or_clusters": 150,
  "periods": 5,
  "population_share_job_over_base": 0.3333333333333333,
  "mean_estimate": 0.3332957147358062,
  "bias": -3.7618597527100395e-05,
  "empirical_sd": 0.0787786418538713,
  "mean_reported_se": 0.08252578828456907,
  "se_to_sd_ratio": 1.0475655119524458,
  "coverage": 0.9,
  "coverage_mc_se": 0.03,
  "max_total_se_base_se_identity_error": 0.0
}
