{
  "schema": 1,
  "pairs": 5,
  "backends": {
    "cpu": {
      "standard_ab": {
        "unadjusted/unw": {
          "pair_ratios_candidate_over_baseline": [
            0.5233782819874354,
            1.0578676511392076,
            0.9941556173036825,
            0.9505573256089678,
            1.1196229019945123
          ],
          "median_ratio": 0.9941556173036825,
          "bootstrap_95pct_ci": [
            0.5233782819874354,
            1.1196229019945123
          ],
          "one_sided_sign_p_median_below_1p30": 0.03125,
          "one_sided_sign_p_median_above_1p30": 1.0,
          "decision": "rules_out_regression_ge_30pct",
          "baseline_pair_medians_seconds": [
            0.3106493391096592,
            0.1593679115176201,
            0.17412297055125237,
            0.17837592214345932,
            0.15745525062084198
          ],
          "candidate_pair_medians_seconds": [
            0.16258711740374565,
            0.16859015822410583,
            0.17310532927513123,
            0.16955653950572014,
            0.17629050463438034
          ]
        },
        "unadjusted/w": {
          "pair_ratios_candidate_over_baseline": [
            0.699540246258533,
            0.9997848597609652,
            0.9830982843806233,
            0.9510694832947597,
            1.0177786877948434
          ],
          "median_ratio": 0.9830982843806233,
          "bootstrap_95pct_ci": [
            0.699540246258533,
            1.0177786877948434
          ],
          "one_sided_sign_p_median_below_1p30": 0.03125,
          "one_sided_sign_p_median_above_1p30": 1.0,
          "decision": "rules_out_regression_ge_30pct",
          "baseline_pair_medians_seconds": [
            0.30278443172574043,
            0.1918918900191784,
            0.1858120635151863,
            0.18536804616451263,
            0.17080522328615189
          ],
          "candidate_pair_medians_seconds": [
            0.2118098959326744,
            0.19185060635209084,
            0.18267152085900307,
            0.1762978918850422,
            0.1738419160246849
          ]
        },
        "cluster/unw": {
          "pair_ratios_candidate_over_baseline": [
            0.8253771348807031,
            0.9545602127127021,
            1.0079182004250071,
            0.9935240604587703,
            1.976150252923954
          ],
          "median_ratio": 0.9935240604587703,
          "bootstrap_95pct_ci": [
            0.8253771348807031,
            1.976150252923954
          ],
          "one_sided_sign_p_median_below_1p30": 0.1875,
          "one_sided_sign_p_median_above_1p30": 0.96875,
          "decision": "inconclusive_at_30pct_margin",
          "baseline_pair_medians_seconds": [
            0.23161018267273903,
            0.17720044404268265,
            0.19795949384570122,
            0.20144827663898468,
            0.1767607294023037
          ],
          "candidate_pair_medians_seconds": [
            0.1911657489836216,
            0.1691484935581684,
            0.19952697679400444,
            0.2001437097787857,
            0.34930576011538506
          ]
        },
        "cluster/w": {
          "pair_ratios_candidate_over_baseline": [
            0.8554612472692099,
            1.043706271024551,
            1.0529329605397786,
            0.9383162000477064,
            1.0202461614280498
          ],
          "median_ratio": 1.0202461614280498,
          "bootstrap_95pct_ci": [
            0.8554612472692099,
            1.0529329605397786
          ],
          "one_sided_sign_p_median_below_1p30": 0.03125,
          "one_sided_sign_p_median_above_1p30": 1.0,
          "decision": "rules_out_regression_ge_30pct",
          "baseline_pair_medians_seconds": [
            0.22605833411216736,
            0.1906583160161972,
            0.2086598351597786,
            0.21010297164320946,
            0.20696761086583138
          ],
          "candidate_pair_medians_seconds": [
            0.19338414445519447,
            0.19899128004908562,
            0.21970481798052788,
            0.19714302197098732,
            0.2111579105257988
          ]
        }
      },
      "absorbed_cost": {
        "unadjusted/unw": {
          "pair_ratios_absorbed_over_candidate_standard": [
            1.030466124128855,
            0.9046553291024293,
            1.0974532194555828,
            0.827984131908024,
            0.9987645654968146
          ],
          "median_ratio": 0.9987645654968146,
          "bootstrap_95pct_ci": [
            0.827984131908024,
            1.0974532194555828
          ],
          "one_sided_sign_p_median_below_1p30": 0.03125,
          "absorbed_pair_medians_seconds": [
            0.1675405167043209,
            0.1525159850716591,
            0.18997500091791153,
            0.14039012417197227,
            0.17607270926237106
          ]
        },
        "unadjusted/w": {
          "pair_ratios_absorbed_over_candidate_standard": [
            0.823929812618914,
            1.027728091755445,
            1.0192896727724658,
            0.9462784528259666,
            0.9299728145093743
          ],
          "median_ratio": 0.9462784528259666,
          "bootstrap_95pct_ci": [
            0.823929812618914,
            1.027728091755445
          ],
          "one_sided_sign_p_median_below_1p30": 0.03125,
          "absorbed_pair_medians_seconds": [
            0.1745164878666401,
            0.19717025756835938,
            0.18619519472122192,
            0.16682689636945724,
            0.16166825592517853
          ]
        },
        "cluster/unw": {
          "pair_ratios_absorbed_over_candidate_standard": [
            1.0755155954814188,
            1.2514230174071823,
            1.184838419409667,
            1.025682360989909,
            0.5003571601837001
          ],
          "median_ratio": 1.0755155954814188,
          "bootstrap_95pct_ci": [
            0.5003571601837001,
            1.2514230174071823
          ],
          "one_sided_sign_p_median_below_1p30": 0.03125,
          "absorbed_pair_medians_seconds": [
            0.2056017443537712,
            0.21167631819844246,
            0.23640722781419754,
            0.20528387278318405,
            0.17477763816714287
          ]
        },
        "cluster/w": {
          "pair_ratios_absorbed_over_candidate_standard": [
            1.182796739992003,
            1.1083418989123455,
            1.090123291857479,
            1.1403024785801454,
            0.8331781525334112
          ],
          "median_ratio": 1.1083418989123455,
          "bootstrap_95pct_ci": [
            0.8331781525334112,
            1.182796739992003
          ],
          "one_sided_sign_p_median_below_1p30": 0.03125,
          "absorbed_pair_medians_seconds": [
            0.22873413562774658,
            0.22055037319660187,
            0.2395053394138813,
            0.2248026765882969,
            0.1759321577847004
          ]
        }
      }
    }
  },
  "environment": {
    "telemetry_points": 30,
    "cpu_busy_pct_median": 56.1526353425422,
    "cpu_busy_pct_min": 45.82985821517932,
    "cpu_busy_pct_max": 76.41903171953255,
    "load1_median": 31.71,
    "load1_min": 29.41,
    "load1_max": 33.92
  }
}
