{
  "schema": 1,
  "pairs": 8,
  "backends": {
    "cpu": {
      "standard_ab": {
        "unadjusted/unw": {
          "pair_ratios_candidate_over_baseline": [
            1.077936554806653,
            0.7229544478209927,
            1.3053416908746955,
            1.6384861390354075,
            1.300034470310981,
            1.0505372743450359,
            1.0712124929877005,
            0.883162064892575
          ],
          "median_ratio": 1.074574523897177,
          "bootstrap_95pct_ci": [
            0.883162064892575,
            1.3053416908746955
          ],
          "one_sided_sign_p_median_below_1p30": 0.36328125,
          "one_sided_sign_p_median_above_1p30": 0.85546875,
          "decision": "inconclusive_at_30pct_margin",
          "baseline_pair_medians_seconds": [
            0.16885316371917725,
            0.213811457157135,
            0.17016391083598137,
            0.16431082412600517,
            0.13044342398643494,
            0.17139095067977905,
            0.18276358395814896,
            0.18359734117984772
          ],
          "candidate_pair_medians_seconds": [
            0.18201299756765366,
            0.15457594394683838,
            0.22212204709649086,
            0.2692210078239441,
            0.16958094760775566,
            0.18005258217453957,
            0.19577863439917564,
            0.1621462069451809
          ]
        },
        "unadjusted/w": {
          "pair_ratios_candidate_over_baseline": [
            0.9601965171310006,
            0.8903513308597966,
            1.249580166512658,
            1.7307670135643705,
            0.8175420701990946,
            1.1702922069402568,
            1.0149300434181106,
            1.153319378939793
          ],
          "median_ratio": 1.0841247111789518,
          "bootstrap_95pct_ci": [
            0.8903513308597966,
            1.249580166512658
          ],
          "one_sided_sign_p_median_below_1p30": 0.03515625,
          "one_sided_sign_p_median_above_1p30": 0.99609375,
          "decision": "rules_out_regression_ge_30pct",
          "baseline_pair_medians_seconds": [
            0.2000403180718422,
            0.2929132618010044,
            0.19508298486471176,
            0.18055409938097,
            0.212826456874609,
            0.179591316729784,
            0.18533053249120712,
            0.17554697394371033
          ],
          "candidate_pair_medians_seconds": [
            0.19207801669836044,
            0.2607957124710083,
            0.24377182871103287,
            0.312497079372406,
            0.17399458214640617,
            0.2101743184030056,
            0.1880975253880024,
            0.20246172696352005
          ]
        },
        "cluster/unw": {
          "pair_ratios_candidate_over_baseline": [
            1.204806227264003,
            0.8056932904716815,
            0.6901281228756905,
            1.6415552275701049,
            1.00987588591544,
            1.0022238093686182,
            1.0085722604291028,
            1.1330356467613432
          ],
          "median_ratio": 1.0092240731722715,
          "bootstrap_95pct_ci": [
            0.8056932904716815,
            1.204806227264003
          ],
          "one_sided_sign_p_median_below_1p30": 0.03515625,
          "one_sided_sign_p_median_above_1p30": 0.99609375,
          "decision": "rules_out_regression_ge_30pct",
          "baseline_pair_medians_seconds": [
            0.16455238312482834,
            0.30231573432683945,
            0.27552543953061104,
            0.1941906325519085,
            0.18393852189183235,
            0.20186639577150345,
            0.19732574373483658,
            0.19260089844465256
          ],
          "candidate_pair_medians_seconds": [
            0.19825373589992523,
            0.24357375875115395,
            0.19014785438776016,
            0.31877464801073074,
            0.18575507774949074,
            0.2023153081536293,
            0.19901727139949799,
            0.2182236835360527
          ]
        },
        "cluster/w": {
          "pair_ratios_candidate_over_baseline": [
            1.2350980479967029,
            0.8636791499961844,
            0.9016502031809978,
            1.2911877489590016,
            1.0507901552618775,
            0.8695549804189653,
            0.7551513716624387,
            0.9290813460911754
          ],
          "median_ratio": 0.9153657746360866,
          "bootstrap_95pct_ci": [
            0.8636791499961844,
            1.2350980479967029
          ],
          "one_sided_sign_p_median_below_1p30": 0.00390625,
          "one_sided_sign_p_median_above_1p30": 1.0,
          "decision": "rules_out_regression_ge_30pct",
          "baseline_pair_medians_seconds": [
            0.2090439684689045,
            0.32624490931630135,
            0.2675776816904545,
            0.1818828359246254,
            0.20162919908761978,
            0.2632935233414173,
            0.26903120055794716,
            0.2323276847600937
          ],
          "candidate_pair_medians_seconds": [
            0.2581897974014282,
            0.2817709259688854,
            0.24126147106289864,
            0.2348448894917965,
            0.211869977414608,
            0.2289481945335865,
            0.20315928012132645,
            0.2158513180911541
          ]
        }
      },
      "absorbed_cost": {
        "unadjusted/unw": {
          "pair_ratios_absorbed_over_candidate_standard": [
            1.1813404855982579,
            1.4810770386534196,
            0.7602489025111147,
            0.6950634927013254,
            0.9356337886555197,
            0.8556750957849333,
            0.9866589037199827,
            0.947290883237481
          ],
          "median_ratio": 0.9414623359465004,
          "bootstrap_95pct_ci": [
            0.7602489025111147,
            1.1813404855982579
          ],
          "one_sided_sign_p_median_below_1p30": 0.03515625,
          "absorbed_pair_medians_seconds": [
            0.2150193229317665,
            0.22893888130784035,
            0.1688680425286293,
            0.18712569400668144,
            0.15866566449403763,
            0.1540665104985237,
            0.19316673278808594,
            0.15359962359070778
          ]
        },
        "unadjusted/w": {
          "pair_ratios_absorbed_over_candidate_standard": [
            0.9451615818683082,
            0.9763018789484726,
            0.62387002387426,
            0.5533699016809811,
            0.9826100389208612,
            0.8443689282822174,
            0.9074795841602376,
            0.956258995516773
          ],
          "median_ratio": 0.9263205830142729,
          "bootstrap_95pct_ci": [
            0.62387002387426,
            0.9763018789484726
          ],
          "one_sided_sign_p_median_below_1p30": 0.00390625,
          "absorbed_pair_medians_seconds": [
            0.18154476210474968,
            0.25461534410715103,
            0.1520819365978241,
            0.17292647808790207,
            0.17096882313489914,
            0.17746466398239136,
            0.17069466412067413,
            0.19360584765672684
          ]
        },
        "cluster/unw": {
          "pair_ratios_absorbed_over_candidate_standard": [
            1.3783151264492843,
            1.249308326723519,
            1.121176058520416,
            0.7059845728461909,
            1.085830889198576,
            1.0726342394157007,
            1.0981524313402475,
            1.1649175009449637
          ],
          "median_ratio": 1.1096642449303318,
          "bootstrap_95pct_ci": [
            1.0726342394157007,
            1.249308326723519
          ],
          "one_sided_sign_p_median_below_1p30": 0.03515625,